name,email
Mrs. Wilma Swaniawski,Gustave.Zemlak57@hotmail.com
Trenton Cruickshank,Gunnar_Yost99@gmail.com
Maxwell Schaden,Dillon17@yahoo.com
Dr. Toby West,Carlos.Goyette@hotmail.com
Chloe MacGyver,Jana71@hotmail.com
Carissa Murray,Krystal_Schroeder@hotmail.com
Violette Willms,Susie_Hilpert@hotmail.com
Darren Smitham,Tia_Casper@gmail.com
Ms. Katrina Frami,Fanny.Parisian@hotmail.com
Jamey Bogan,Clara.Parker34@hotmail.com
Sydnee Hilll II,Karlee54@hotmail.com
Maynard Huels,Minerva.Hauck93@hotmail.com
Desmond Ortiz,Kiarra_Doyle3@hotmail.com
Willow Thiel,Leila7@hotmail.com
Lon Fahey,Ahmad.Nikolaus58@gmail.com
Ariane Paucek,Nicolette.OConnell67@yahoo.com
Kelly Crist,Karianne_Koss@yahoo.com
Dandre Upton,Bulah.Willms91@gmail.com
Pansy Lowe,Assunta_Kozey16@yahoo.com
Torrance Davis,Toney87@hotmail.com
Katherine Wyman,Cheyenne_Waelchi64@gmail.com
Curt Monahan,Ilene_VonRueden@gmail.com
Rebeka Schowalter,Corbin42@hotmail.com
Noemy Tillman,Cassandra_Hudson36@hotmail.com
Karl Grady,Jordon23@hotmail.com
Maeve Kutch,Donald_Mertz82@gmail.com
Luisa Champlin Sr.,Eve35@yahoo.com
Florine Hane,Alexis_Zieme12@yahoo.com
Crawford Bauch,Corrine52@yahoo.com
Jamal Walter III,Soledad_Greenfelder@hotmail.com
Lucas Mann,Dayna76@yahoo.com
Reva Ankunding,Abe_Treutel39@yahoo.com
Krista Wiegand,Lindsay97@yahoo.com
Marcel Sporer,Francesco.Hartmann79@yahoo.com
Burdette Kling,Caleigh31@hotmail.com
Kraig Russel,Liana_Lynch@hotmail.com
Ms. Grant Green,Carleton.Senger@hotmail.com
Delia Kohler,Lempi_Hyatt@gmail.com
Amelie Rohan,Terrance36@gmail.com
Hans Gorczany,Kaelyn_Strosin@gmail.com
Ryan Feest,Caleb.Kihn93@hotmail.com
Aliya Stoltenberg,Rosalia_Gulgowski@hotmail.com
Camilla Nicolas,Jacquelyn_Gusikowski@hotmail.com
Marietta Balistreri,Mathilde86@yahoo.com
Dr. Elda Collier,Deondre.Grady70@yahoo.com
Emmalee Leuschke,Willie.Turner@yahoo.com
Britney Tromp,Imogene_Parisian@gmail.com
Monroe Yundt,Tyler_Deckow45@hotmail.com
Scottie Purdy,Christa55@hotmail.com
Lulu Jakubowski,Dereck.Bogan61@gmail.com
Emory Hamill,Matt96@gmail.com
Jayson Abbott,Reid.Feest91@yahoo.com
Ryder Kozey,Trevor_Tremblay@hotmail.com
Dwight Reichel,Martin12@yahoo.com
Bethany Yundt,Blanca39@hotmail.com
Isabelle Weissnat,Danielle.Jakubowski20@gmail.com
Robb Bayer,Wiley_Yost65@gmail.com
Adela Kirlin,Sandra_Cole@gmail.com
Bartholome Becker,Lolita.Johns@yahoo.com
Ahmad Yost,Elena_Jacobson@hotmail.com
Evangeline Medhurst III,Audrey.Collier70@yahoo.com
Cale Larkin,Mabel34@yahoo.com
Demetrius Leuschke,Yessenia20@gmail.com
Meagan Moen,Micah_Murazik21@yahoo.com
Dina Roob,Dolores60@gmail.com
Monica Champlin,Nolan.Turner@hotmail.com
Miss Marie Nolan,Eldora35@yahoo.com
Chanelle Windler,Adaline57@gmail.com
Wilson Jast,Mateo56@hotmail.com
Edmund Ziemann,Rhea86@yahoo.com
Owen Weimann,Emmanuel54@yahoo.com
Katharina Grant,Katelynn_Mills@hotmail.com
Orrin Fadel,Alexzander33@hotmail.com
Nakia Rolfson,Richie_Hyatt83@gmail.com
Vena Bergnaum,Edwin73@gmail.com
Manuel Johns,Curt_Johnson@gmail.com
Marlin Goodwin,Shania_Yost@yahoo.com
Stella Lemke,Newell_Stokes@hotmail.com
Dion Feeney,Holden_Mraz@gmail.com
Elda Collins,Kaycee_Emmerich85@yahoo.com
Adalberto Schultz,Brandi34@gmail.com
Vince Rempel,Maye_Padberg@gmail.com
Bertha Veum,Dwight_Borer@gmail.com
Karolann Rath,Madalyn_Mueller@yahoo.com
Jovani Baumbach,Danyka_Nitzsche4@yahoo.com
Kade Ullrich,Magdalen.Walsh15@yahoo.com
Meredith Thiel,Mary_Murazik22@gmail.com
Rosina Bode,Francesca.Franecki@hotmail.com
Dina Turcotte,Deshaun_McClure@yahoo.com
Mr. Jenifer Borer,Coralie_Littel@hotmail.com
Eliseo Larkin,Elissa_Bergnaum62@hotmail.com
Clementina Barrows,Tatum_Jast81@yahoo.com
Miss Alize Brown,Meta_Emmerich8@yahoo.com
Christiana Becker,Anne76@gmail.com
Glen Ziemann,Kelli.Roob24@hotmail.com
Lemuel Cole,Max_Bogan@gmail.com
Burley Bernhard,Callie36@yahoo.com
Alycia Cole,Quinton_Rice@gmail.com
Jeffry Quitzon,Dylan55@hotmail.com
Francesco Davis,Darian_Boehm@yahoo.com
Willy Torp,Leila.Sporer80@hotmail.com
Wilhelm Beer,Hermann81@gmail.com
Kevin Collier,Ella.Brekke74@hotmail.com
Nicolette Stokes,Sylvester_Botsford@hotmail.com
Miss Chadrick Halvorson,Dion.Marvin71@gmail.com
Laila Hudson,Rubie79@gmail.com
Schuyler Wisoky,Anastacio.Price74@gmail.com
Luella Konopelski,Eldridge30@gmail.com
Alford Johnston,Judah.Borer@hotmail.com
Tre Schmitt III,Dillon.Paucek98@hotmail.com
Arnulfo Mohr,Tiffany.Fahey@hotmail.com
Delta Botsford,Abby_Gottlieb41@yahoo.com
Tracy Volkman III,Forest60@yahoo.com
Cale Jacobson III,Malinda.Volkman@gmail.com
Alene O'Reilly,Ella_Trantow90@hotmail.com
Rhianna Brakus,Arlene.Heidenreich@gmail.com
Germaine Lindgren,Ethelyn_Herzog88@hotmail.com
Gabriella Lang,Hans23@yahoo.com
Naomie Langosh,Nelda.Welch59@yahoo.com
Edyth Feeney,Imani36@gmail.com
Anastacio Haag,Alvena47@yahoo.com
Raphaelle Bode,Hudson61@yahoo.com
Lucienne Lindgren,Leola93@yahoo.com
Ruben Feeney,Elliot.Olson27@hotmail.com
Ted Mayer,Cade_Bradtke10@yahoo.com
Lesley Rowe,Oswaldo18@hotmail.com
Adrain Dickinson,Aileen_Lang75@hotmail.com
Misty Botsford,Abigale.Rutherford@yahoo.com
Jedediah Dooley,Lucienne.Schinner2@yahoo.com
Sandra Cronin,Trevion.Monahan@yahoo.com
Emerson Gleichner,Reginald_Howe39@yahoo.com
Merritt Turner,Dino.Haag54@yahoo.com
Mrs. Gertrude Denesik,Caterina_Spencer@gmail.com
Paula Johnson,Meta36@yahoo.com
Dangelo Donnelly,Alford26@yahoo.com
Herminio Cormier,Ana94@gmail.com
Roman Moen,Nikko_Koepp@gmail.com
Ryley Rowe,Curtis.Hammes13@yahoo.com
Aron Metz,Lucinda_Fisher@gmail.com
Talia Hintz,Alize.Lockman64@hotmail.com
Dakota Skiles V,Ashlynn.Gleason@gmail.com
Mr. Josiah Turner,Emanuel86@gmail.com
Aryanna McClure,Dayne_Adams47@yahoo.com
Alysson Ernser,Danyka.Fadel@hotmail.com
Lucas Carter,Hailie_Reichert@yahoo.com
Valentine Douglas,Reyes.Gerlach@hotmail.com
Ms. Ernestine Miller,America_Sauer@hotmail.com
Enoch Konopelski,Raquel_Batz34@hotmail.com
Dr. Hertha Wolf,Donnell_Tremblay0@yahoo.com
Haskell Fay,Norene.Reichert@hotmail.com
Marina Hegmann,Mariane.Dietrich56@yahoo.com
Carissa Wuckert,Rebekah90@hotmail.com
Gretchen Marvin,Howell40@yahoo.com
Kenya West,Destini_Langosh29@yahoo.com
Aryanna Hermann,Monroe_Ortiz@gmail.com
Jaden Marvin,Gerhard_Abernathy@gmail.com
Janice Hyatt DVM,Walter.Krajcik@yahoo.com
Eveline O'Conner,Allie43@yahoo.com
Brycen Murazik I,Fred.Reynolds60@gmail.com
Leonor Donnelly IV,Laurine_Kuvalis@hotmail.com
Whitney Daniel,Pietro73@hotmail.com
Helena Keebler DDS,Zane.Ernser49@yahoo.com
Brisa Bogisich,Heather69@yahoo.com
Afton Hand,Gwen_Gaylord24@hotmail.com
Randi Reynolds,Lillian.Brekke@gmail.com
Greg O'Kon,Erick.Reinger@yahoo.com
Buford O'Connell,Hugh_Watsica@gmail.com
Green Lindgren,Domenico45@yahoo.com
Elmira Wisoky,Marley35@gmail.com
Durward Pagac,Furman.Bartell72@yahoo.com
Hobart Reinger,Kenneth_Johnson94@gmail.com
Julian O'Kon,Donnie86@hotmail.com
Cordell Grimes,Petra63@yahoo.com
Karelle Gutmann,Keanu_Lemke91@hotmail.com
Neva Hudson PhD,Adrianna7@yahoo.com
Kacey Stiedemann,Eleonore.Pfeffer38@yahoo.com
Matilde Littel,Carleton48@yahoo.com
Mose Rath,Olin_Koelpin@yahoo.com
Darlene Huels,Alexie_VonRueden@gmail.com
Zane Herzog,Heber_Prosacco@gmail.com
Saul Kunde,Zola22@yahoo.com
Rodrigo Kulas,Laury23@yahoo.com
Reina Ritchie,Hayden_Champlin8@yahoo.com
Dr. Desiree Towne,Karolann.Osinski58@yahoo.com
Monty Keeling,Amira.Schmidt@hotmail.com
Dannie Jacobson,Mellie_Quitzon81@hotmail.com
Hester Gislason,Alessia_Frami77@hotmail.com
Mireille Will,Nicholas_Nicolas86@gmail.com
Thaddeus Schamberger,Flossie14@yahoo.com
Mandy Goldner,Ricky_Bartell15@hotmail.com
Mariana Watsica,Sylvan_Kris5@yahoo.com
Mrs. Morris Harris,Arnulfo_Mayert@hotmail.com
Tyrese Hermiston,Precious.Watsica@hotmail.com
Antoinette Keeling,Dereck87@hotmail.com
Regan Turcotte,Amani.Bashirian@hotmail.com
Tyrell Lind,Ulices_Schoen62@hotmail.com
Jett Fahey,Domenic32@yahoo.com
Ahmed Kulas,Mabelle_Schinner56@gmail.com
Kaia Hickle,Alfonso_Renner@hotmail.com
Cedrick Schiller,Jace.Cole@hotmail.com
Liza Fritsch,Kris82@hotmail.com
Gino Ebert,Lucius_Strosin@yahoo.com
Luna Hintz,Hattie.Schamberger86@gmail.com
Willow Emard,Crystal.Fay36@hotmail.com
Theresa Aufderhar,Lorenza.Kemmer@gmail.com
Sebastian Gleichner,Winona_Metz@gmail.com
Annalise Anderson,Mekhi_Runte44@yahoo.com
Brody Spinka,Cassandre_Marks@hotmail.com
Raoul Cassin,Kian76@gmail.com
Kristoffer Wilkinson,Dario50@yahoo.com
Karelle Lynch,Yasmine_OReilly@yahoo.com
Amaya Larkin IV,Pierre_Boehm@gmail.com
Brendon Wuckert,Vance62@hotmail.com
Summer Simonis,Alexandra.Anderson16@yahoo.com
Keyshawn Schmidt DVM,Estell29@yahoo.com
Tressa Moore,Sonia93@gmail.com
Carlee Abbott,Kane.Fay@yahoo.com
Frankie Hoppe,Marisol.Batz@gmail.com
Gaston Lehner,Americo_Rath@yahoo.com
Ellis Gibson,Wilhelmine_Gerhold24@yahoo.com
Armand Erdman,Ryann_Pagac37@yahoo.com
Jackie Hauck,Marcelle_Gibson@yahoo.com
Mr. Lorenz Collier,Meta_Stehr@gmail.com
Deion Quigley,Harmon10@gmail.com
Rhoda Hand,Cecile_Wolff@hotmail.com
Destiny Larson DDS,Caitlyn_Parisian@yahoo.com
Rosalinda Schumm,Desiree.Pagac71@yahoo.com
Miss Leanna Lang,Reilly_Reilly@gmail.com
Melisa Bailey,Erwin39@yahoo.com
Marty Pfeffer,Santos58@yahoo.com
Ms. Lorenza Bogan,Jedediah.Ruecker@yahoo.com
Luz Schultz III,Modesto.Lueilwitz74@yahoo.com
Kiarra Schiller,Sheridan.Bernhard@yahoo.com
Ansley Kassulke,Sincere.Hammes78@yahoo.com
Johnny Hilpert,Perry36@yahoo.com
Lura McCullough,Verlie_Cronin28@hotmail.com
Cassandre Hodkiewicz,Tito_Greenholt@hotmail.com
Oral Mraz,Brad.Lindgren4@yahoo.com
Jayden Murray,Dolores.Weber84@gmail.com
Alexis Hintz,Haley79@gmail.com
Astrid Mohr,Garrett_Will@yahoo.com
Ms. Alek Bode,Karson_Stiedemann@gmail.com
Boyd Wolff,Santiago.Stehr32@yahoo.com
Hal Vandervort,Marjolaine.Balistreri@gmail.com
Sheridan Ebert,Reagan.Hoeger@yahoo.com
Art Zieme,Wyman_Schmeler@gmail.com
Carlie Simonis,Lacy_Daugherty17@yahoo.com
Mrs. Rhett Johns,Bridie_Jacobson@gmail.com
Nichole Mayer,Rudolph_Rempel73@hotmail.com
Kaleigh Cormier,Retha_OKon@yahoo.com
Sherman Jerde MD,Jules.Grimes@hotmail.com
Mortimer VonRueden,Mateo_Macejkovic32@yahoo.com
Lonzo Jast,Hershel.Goldner30@hotmail.com
Zoe Welch,Ashly44@hotmail.com
Alexie Feeney,Ruby4@gmail.com
Luz Stark I,Krystal.Mann35@hotmail.com
Kimberly Wisozk Jr.,Reilly.Brekke@yahoo.com
Jaida Grant,Sally28@hotmail.com
Devan Abshire,Audreanne_Miller@yahoo.com
Ray Grimes,Marta_Rath88@yahoo.com
Buck Langworth,Lilla51@yahoo.com
Carlo Swaniawski,Kaden_Turner82@gmail.com
Irma Kub,Foster_Hirthe@yahoo.com
Ms. Lue Schroeder,Geovanny_Spinka@yahoo.com
Sylvia Baumbach,Shemar.Barrows80@yahoo.com
Madelyn Dickens,Gardner95@gmail.com
Torrance Heathcote,Gerard_Kertzmann54@yahoo.com
Cassidy Harris,Werner38@hotmail.com
Antonina Bradtke,Maynard.Haag@yahoo.com
Adelle Zemlak,Jennyfer_Herzog@hotmail.com
Clint Sanford,Amelie.Durgan@yahoo.com
Clement Cruickshank,Santos.Gorczany@gmail.com
Hayley Zboncak,Eleanore.Kunze45@gmail.com
Mr. Else Kirlin,Elna42@gmail.com
Arnoldo Haag,Randall_Volkman@yahoo.com
Dr. Francis Frami,Dolores.Friesen46@hotmail.com
Jordane Nikolaus,Terrance_Schuster30@yahoo.com
Frances DuBuque,Stone_Muller61@yahoo.com
Penelope Beahan,Waylon_Swaniawski@yahoo.com
Miss Ima Grady,Joannie_Stamm@yahoo.com
Sadye Donnelly,Rhianna87@hotmail.com
Jovan Kulas,Ross39@yahoo.com
Elliot Ferry,Ned69@gmail.com
Oleta Hand,Anne.Harris@hotmail.com
Waino Langworth,Eladio_Durgan48@gmail.com
Berenice Bogan,Clarissa4@yahoo.com
Sofia Hagenes,Jackson.Walsh@hotmail.com
Rosamond Lockman,Clay_Paucek69@gmail.com
Markus Leffler,Darion.Koss@hotmail.com
Linnea Macejkovic,Lilian_McCullough19@yahoo.com
Kendrick Hessel,Dana78@hotmail.com
Jeramie Morissette,Coty60@gmail.com
Kallie Glover,Phyllis.Balistreri@gmail.com
Evan Casper IV,Cleta3@yahoo.com
Bridie Zboncak,Donavon.Donnelly73@yahoo.com
Sterling Herman,Eldon38@hotmail.com
Robyn Kreiger,Santino_Wiza@hotmail.com
Jeffrey Harris,Dagmar.Denesik@gmail.com
Julie Kuvalis,Josefina_Mante89@hotmail.com
Ariane Herzog,Marlee.Yundt42@yahoo.com
Favian Osinski,Sarai_Hamill18@hotmail.com
Owen Thiel PhD,Meagan.Stehr62@hotmail.com
Gia Miller,Marcelo3@yahoo.com
Moshe Harber,Abel_Klein@gmail.com
Brendon Emard,Margarita10@gmail.com
Dr. Shaina Cassin,Bert_Reichel@hotmail.com
Ms. Dovie Lemke,Jules.Eichmann70@yahoo.com
Emilia Zemlak,Carey.McClure@yahoo.com
Hudson Oberbrunner,Adolfo.Glover@yahoo.com
Zachery Nitzsche DDS,Eldred44@hotmail.com
Jena Jacobi,Jean.Roob65@gmail.com
Heber Cronin V,Verdie49@hotmail.com
Laila Buckridge,Emanuel.Stracke@yahoo.com
Jaquelin Macejkovic,Ethan36@yahoo.com
Noemi Waters,Jeromy.Haley@hotmail.com
Laurence Hane,Lempi.Parker14@yahoo.com
Laurence Kreiger,Otilia.Schaden@yahoo.com
Maurine Kassulke,Alba_Jast@hotmail.com
Dr. Jerel Glover,Tristin.Carter@yahoo.com
Stanton Wilkinson,Kenyatta80@hotmail.com
Hester Oberbrunner,Shawna35@gmail.com
Amelia Funk,Shannon.Emmerich@yahoo.com
Eusebio Tremblay,Verlie_McKenzie83@gmail.com
Ella Huels,Julio_Breitenberg0@yahoo.com
Elmer Schroeder,Laney_Davis@yahoo.com
Wilber Hermann,Rogers_Barton@gmail.com
Niko Strosin,Libby.Mante@hotmail.com
Quinn Johnston V,Marcus.Boyle17@hotmail.com
Lydia Fritsch,Dennis56@gmail.com
Odie Roob,Selina28@gmail.com
Christ Kessler,Lia80@yahoo.com
Maurice Reilly,Nikki.Mayer77@yahoo.com
Rachelle Robel,Kaya40@yahoo.com
Ana Runolfsson,Kiara.Schulist@gmail.com
Sigmund Bernhard,Marques_Hermiston@hotmail.com
Rosalind Spinka,Pierce_Leannon2@gmail.com
Grayce Koss,Brenden88@hotmail.com
Susan Walsh DVM,Gerry_Metz@gmail.com
Arvel Ullrich,Luciano2@yahoo.com
Carlos Baumbach,Cecelia.Kris78@hotmail.com
Eula O'Kon II,Alan.Johns16@hotmail.com
Bridie Moore,Reyna_Schuppe@hotmail.com
Libby Hayes,Leopold33@yahoo.com
Breana Nicolas,Twila.Nikolaus@hotmail.com
Ward Upton,Chance_Schroeder55@yahoo.com
Izabella Weissnat,Rhiannon_Balistreri75@gmail.com
Prudence Skiles,Coleman_Krajcik@yahoo.com
Danial O'Conner,Jasen74@yahoo.com
Miracle Jenkins,Lauriane_Romaguera83@gmail.com
Alessandra Hammes,Mario_Wolff@yahoo.com
Abigayle Jones DVM,Alexis_Murray12@yahoo.com
Oscar Kutch,Nichole_Goldner@yahoo.com
Claudie Kutch,Toy_Feeney@gmail.com
August Shields,Esther14@hotmail.com
Drake Osinski,Makenzie_Labadie@hotmail.com
Dena Bartell,Easter61@yahoo.com
Annamarie Nikolaus,Jazlyn_Deckow75@yahoo.com
Rupert Fay DDS,Fanny19@yahoo.com
Hope Runolfsson,Rickie95@hotmail.com
Felix Rempel,Kellen_Botsford@gmail.com
Evelyn Kutch,Patricia77@gmail.com
Alec Satterfield,Anika_Deckow65@hotmail.com
Sven Green,Charity.Hane44@yahoo.com
Sheldon Schaefer,Zella_Schimmel19@hotmail.com
Tianna Predovic,Chaya20@gmail.com
Gilbert Block,Marty27@gmail.com
Mossie Moen II,Rachel7@gmail.com
Miss Kimberly Swaniawski,Bria.VonRueden68@gmail.com
Vanessa Weissnat,Octavia.Purdy@yahoo.com
Carleton Quitzon,Deshaun_Kuphal@gmail.com
Josiane Rohan,Margaret.Jacobi@yahoo.com
Marilou Mosciski DVM,Casper59@gmail.com
Mrs. Elsa Jacobi,Mackenzie.Block25@yahoo.com
Clovis Legros,Otho36@yahoo.com
Mrs. Donavon Konopelski,Miguel.Brekke@gmail.com
Jace Bergnaum,Anastacio.Hauck@hotmail.com
Donnie Larkin,Carleton62@hotmail.com
Christelle Watsica,Ward.Koch@hotmail.com
Urban Schinner,Rudy.McLaughlin69@yahoo.com
Jayne Reichel,Isaac_Schinner20@hotmail.com
Serenity Turner I,Madisyn_Hilpert@yahoo.com
Kristina Pollich,Darrion95@gmail.com
Felicita Little MD,Richie.Schumm@gmail.com
Ludwig Lebsack,Emilia.Sauer@gmail.com
Mallory Blanda,Wilton_Flatley76@hotmail.com
Louisa Ebert,Corbin.Lesch@yahoo.com
Esperanza Price,Alford.Mayer@hotmail.com
Mr. Rosario Kemmer,Aurelio.Brown85@gmail.com
Helena West Sr.,Delbert59@yahoo.com
Abner Kub,Chauncey_Konopelski75@hotmail.com
Mrs. Price Wehner,Omer84@gmail.com
Elyssa Waelchi,Ransom.Ernser22@hotmail.com
Margarett Williamson IV,Stephen_Bahringer@gmail.com
Ilene Harvey,Shaina93@hotmail.com
Mr. Gabriella Stehr,Libby.Hettinger@hotmail.com
Mr. Rahsaan Pfannerstill,Ladarius.Monahan@hotmail.com
Fiona Emard,Kyra.Lebsack@yahoo.com
Cruz Rogahn,Rusty27@gmail.com
Katarina Ferry,Helena_Rolfson@gmail.com
Wendell Williamson,Annette_Bayer@yahoo.com
Evangeline Tillman,Norma.Gutmann@hotmail.com
Tiffany Leuschke,Cheyanne88@hotmail.com
Michele Koelpin,Madyson80@gmail.com
Darius Hoppe,Sammie17@gmail.com
Elinore Dach,Roel.Ryan60@hotmail.com
Allie Turner,Kobe.Schowalter@hotmail.com
Frederique Williamson DDS,Eino_Effertz26@yahoo.com
Sigrid Romaguera,Enrique.Fay3@yahoo.com
Jimmy Bahringer DDS,Van_Upton@hotmail.com
Cruz Moen,Efren_Upton@gmail.com
Cindy Gleason,Chadrick_Hills45@hotmail.com
Haleigh Abernathy,Lucas.Nicolas@yahoo.com
Lesley O'Keefe MD,Eloisa_Collier@hotmail.com
Melyna Grady,Nash.Schumm@gmail.com
Kianna Legros,Madilyn.Hackett@gmail.com
Grady Bergstrom,Christa46@hotmail.com
Giovanny Emard,Terrence3@gmail.com
Cathryn Dickinson,Jefferey27@hotmail.com
Lowell Larson,Maddison_Terry@yahoo.com
Arlene Pfeffer,Earnest96@gmail.com
Rudolph Cassin,Fausto_Mann@gmail.com
Marquis Shields,Blanca_Hintz86@yahoo.com
Don Schinner IV,Kitty_Thompson@gmail.com
Curtis Lubowitz,Amira.Trantow99@gmail.com
Cortez Okuneva,Timmothy_Gerhold@gmail.com
Raoul Breitenberg,Frederik_Heidenreich@hotmail.com
Katrine Heidenreich,John.Denesik@gmail.com
Cristian Gottlieb,Angelita_Swift@hotmail.com
Eric Koss,Trycia_Deckow@hotmail.com
Otto Romaguera,Lera54@yahoo.com
Jeromy Bergnaum,Hailey_Keeling@yahoo.com
Elias Funk,Jason3@yahoo.com
Lewis Willms,Ethel_Abbott@yahoo.com
Vernice Price DDS,Cyril_Bruen36@hotmail.com
Abbigail Bernhard,Korbin_Walker72@gmail.com
Quinton Carter,Augustine.Leffler@hotmail.com
Miss Elvie Von,Maymie86@hotmail.com
Ken Padberg,Fidel.Larkin71@gmail.com
Isabelle Aufderhar,Rosalind_Lang@hotmail.com
Dayton Durgan,Casper.Sipes@gmail.com
Hailey Eichmann,Zelda_Abbott54@gmail.com
Crawford Stamm,Antonette.Oberbrunner@yahoo.com
Mrs. Jeremie Hauck,Palma_Quigley@gmail.com
Ariane Hessel,Sigrid_Swift83@yahoo.com
Miss Kamron Ullrich,Vern_Sawayn50@gmail.com
Joanie Hodkiewicz,Jerry_Koepp66@yahoo.com
Shyann Torp,Earl85@gmail.com
Martin Herzog,Boyd.Bahringer43@yahoo.com
Sally Hirthe,Melany.Hickle@yahoo.com
Tracey Paucek,Curt_Gulgowski30@yahoo.com
Mrs. Rae VonRueden,Ryan94@hotmail.com
Thomas Bogisich,Emmanuel13@yahoo.com
Eudora Stanton,Gudrun_Lueilwitz@hotmail.com
Cleo Ferry V,Helene_Quitzon@yahoo.com
Mr. Rocio Beatty,Briana_Becker53@yahoo.com
Hortense Tremblay,Bernhard_Brekke@hotmail.com
Kayleigh O'Keefe,Suzanne62@hotmail.com
Freddie Schoen,Roger_Nolan@hotmail.com
Alysha Weimann,Joan_Grant@hotmail.com
Rosalia Batz,Alexis_Gulgowski@gmail.com
Lyla Flatley,Cristopher52@yahoo.com
Dovie Reichel,Jan85@hotmail.com
Terence Wisozk,Freeda_Kassulke31@yahoo.com
Jennifer Sanford,Theresa1@hotmail.com
Alessandra White,Devin.Watsica@yahoo.com
Beryl Sporer,Hannah8@gmail.com
Antonette Corwin IV,Zechariah_Wyman50@hotmail.com
Steve Ritchie IV,Dorian17@yahoo.com
Terrell Graham PhD,Ned_Littel32@yahoo.com
Van Mohr,Elouise.Lindgren11@hotmail.com
Dr. Elwyn O'Hara,Janae_Reinger74@gmail.com
Bernadine Torphy II,Elza.Fay86@gmail.com
Mr. Geoffrey Conroy,Elwin_Glover6@hotmail.com
Lilly Bartell,Donnie.Howell47@hotmail.com
Rosanna Howell,Nikki2@hotmail.com
Evan Schulist,Colleen.Corwin46@yahoo.com
Tina Hilpert MD,Elijah.Aufderhar97@hotmail.com
Clement Quitzon,Anais.Hamill83@hotmail.com
Julianne VonRueden,Tina7@hotmail.com
Aniya Goyette,Ericka_Paucek@gmail.com
Tiara Wuckert,Stephania12@yahoo.com
Mrs. Sage Glover,Hortense.Nicolas9@yahoo.com
Ms. Morton Carter,Lucienne.Blick@gmail.com
Alan Okuneva,Noemi42@gmail.com
Damien Weissnat,Vincenzo6@gmail.com
Jon Stoltenberg,Webster_Carroll85@yahoo.com
Annette Fritsch,Denis_Herman@yahoo.com
Amara Pagac,Luigi43@gmail.com
Magdalen Monahan,Erich_Kshlerin@yahoo.com
Shanny Upton,Amari_Murazik@yahoo.com
Dr. Manuela Balistreri,Baron_Larkin@gmail.com
Ms. Haley Bechtelar,Minerva.Wilderman68@gmail.com
Esta Feeney,Roger_Orn79@yahoo.com
Luz Dicki,Rubye80@yahoo.com
Dewayne McKenzie,Rico.Rutherford@hotmail.com
Juanita McGlynn,Eulah.Erdman@gmail.com
Ruthe Hills,Alysson_Gleichner@hotmail.com
Skylar Mosciski Sr.,Brandi.Nikolaus@hotmail.com
Dr. Shanie Sipes,Carrie87@hotmail.com
Cecil Dibbert DDS,Randal16@yahoo.com
Alycia Ferry,Hazle_Cremin@gmail.com
Maxie Mosciski Sr.,Lera81@hotmail.com
Torrance Rosenbaum,Alfred.Miller@gmail.com
Rachel McDermott,Luis_McGlynn@hotmail.com
Floyd Swaniawski PhD,Trenton_Christiansen@yahoo.com
Wayne Flatley,Oma95@yahoo.com
Norwood Sporer,Angelo45@hotmail.com
Gideon Vandervort,Melyssa.Klocko@yahoo.com
Brandyn Dach,Valerie_Murray95@hotmail.com
Nina Hauck,Vergie_Herzog99@gmail.com
Maxie Streich,Alverta_Dietrich@hotmail.com
Adelle Feil,Noah.Kuvalis99@gmail.com
Pattie Kling DVM,Stefan64@yahoo.com
Watson Huels,Abigayle60@gmail.com
Leonard Tillman,Buck17@yahoo.com
Leda Herzog,Hoyt1@gmail.com
Gilda Bruen,Schuyler.Wyman99@yahoo.com
Alfreda Homenick,Tia.DuBuque@hotmail.com
Warren Jast,Robyn.Corkery@gmail.com
Alysa Padberg,Kurtis.Kub19@hotmail.com
Gwendolyn Will,Cassie_Haley@gmail.com
Shanon Fadel,Maryjane61@gmail.com
Lester Mohr,Gussie72@hotmail.com
Samson Boehm,Delphine4@hotmail.com
Jasmin Hintz,Joannie.Spencer10@gmail.com
Grant Gulgowski,Isabel_Mraz90@yahoo.com
Miss Heloise Hammes,Mercedes_Ritchie79@yahoo.com
Nico Gleichner,Cecile.Cronin42@gmail.com
Tracy Hintz,Irving81@yahoo.com
Josiah Zemlak,Lolita.Yundt26@hotmail.com
Ms. Bernita Bartell,Wilfrid_Parisian77@yahoo.com
Adelbert Monahan,Una.McCullough@gmail.com
Walton Cole DVM,Marielle49@yahoo.com
Hazel Abbott,Kyra_Wisoky@yahoo.com
Hubert Rolfson V,Nathan_Toy0@hotmail.com
Clark Pfeffer,Guy.Greenfelder@yahoo.com
Lucio Altenwerth,Braden.Lebsack78@yahoo.com
Carmelo Hauck,Kamren_Dare@gmail.com
Thomas Murphy,Camylle66@hotmail.com
Mrs. Marcelle Carroll,Mckenna11@gmail.com
Maryam Rowe,Augusta22@hotmail.com
Mr. Jordyn Miller,Hayden_Reynolds18@yahoo.com
Franz Herman,Ignatius_Tromp@gmail.com
Emmett Schumm,Kenya6@yahoo.com
Mr. Malinda Ward,Dakota38@gmail.com
Lisette Hayes,Lisette.Bradtke@hotmail.com
Corine Smitham II,Albin18@hotmail.com
Howell Hills,Jazlyn.Simonis64@yahoo.com
Mrs. Loyal Frami,Edythe1@yahoo.com
Arvel Howell Sr.,Emely_Jast@yahoo.com
Maximillian Weimann,Taylor.Maggio23@gmail.com
Anissa West MD,Thaddeus_Lowe86@gmail.com
Marjory Murazik,Sven12@hotmail.com
Johan Little,Kade_Collins75@gmail.com
Miss Josiah Gleason,Melvina_Crona52@hotmail.com
Blaise Crona,Horace_Gorczany29@hotmail.com
Viola Weimann,Tremayne_MacGyver8@yahoo.com
Lamont Hintz,Rachael91@gmail.com
Sidney Hand,Dusty.Gleason78@hotmail.com
Jon Kessler,Carmen_Doyle@hotmail.com
Laura Rippin DVM,Aileen.Zemlak33@gmail.com
Isabella Bosco,Raheem12@hotmail.com
Carolyne Frami,Alexis75@hotmail.com
Loy Hagenes,Mervin_Gibson56@hotmail.com
Aletha Muller,Zetta.Ritchie58@yahoo.com
Efren Bernier,Werner2@yahoo.com
Alessandro Macejkovic,Ottis.Homenick@gmail.com
Mrs. Nasir Kulas,Marlon21@gmail.com
Karine Wyman,Josie39@yahoo.com
Miss Clementina Kozey,Kaycee_Dietrich@yahoo.com
Jeanne Tromp DVM,Stanford.Hodkiewicz@hotmail.com
Karen Deckow III,Celestine87@hotmail.com
Jaqueline Volkman,Jules.Bergnaum@yahoo.com
Benjamin DuBuque,Hazle19@yahoo.com
Estell McDermott,Hector_Kohler41@gmail.com
Dr. Clark Ferry,Darren_Kuphal@gmail.com
Aniyah Witting,Lewis88@hotmail.com
Jarrod Mills,Myron12@hotmail.com
Tony Weber Sr.,Catalina24@hotmail.com
Evert Satterfield,Harmony72@hotmail.com
Verna Prohaska,Terrance.Spencer@gmail.com
Kirk Lemke DDS,Hans.Bergstrom@hotmail.com
Miller Reinger,Kristian98@hotmail.com
Ms. Jordi Sauer,Joshua_Parisian@hotmail.com
Mellie Koss,Maybell_Rippin@yahoo.com
Melisa Schowalter,Abdul_Kiehn34@gmail.com
Ariel Romaguera II,Irwin_Bernier68@hotmail.com
Vinnie Cormier,Maureen32@gmail.com
Suzanne Murphy,Ron.Trantow99@gmail.com
Gideon Hammes,Shea.Baumbach97@hotmail.com
Mr. Sydni McKenzie,Neil28@gmail.com
Emery Murray,Kurtis77@hotmail.com
Morton Goyette,Natalie_Bashirian@yahoo.com
Brigitte Bradtke,Kennedi91@yahoo.com
Bernice Lynch,Letha_Deckow70@yahoo.com
Mrs. Maximus Crooks,Juston.Hilll94@gmail.com
Mrs. Arielle Rath,Diamond.Frami@yahoo.com
Kelley Strosin,Karley43@hotmail.com
Jillian Rath,Camille.Bayer@gmail.com
Lois Cruickshank,Myles18@hotmail.com
Eulalia O'Hara,Hiram.Von@gmail.com
Marina Welch,Lazaro82@yahoo.com
Robb Jast DDS,Athena.OHara@yahoo.com
Newton Abernathy,Alvis.Dicki@gmail.com
Shaniya Gerlach,Paris_Hettinger66@yahoo.com
Thaddeus Wintheiser,Mittie_Dooley@yahoo.com
Lavern Sporer,Dylan9@gmail.com
Florence Smith,Modesto0@yahoo.com
Terrance Ziemann,Triston59@yahoo.com
Frederique Stehr,Aleen68@yahoo.com
Nyah Conn,Guiseppe_Jaskolski@gmail.com
Aliya Friesen,River.Hudson8@gmail.com
Afton Borer,Heaven19@yahoo.com
Eleonore Steuber,Sabina.Nikolaus@yahoo.com
Murphy Pfeffer,Lon.Collins@yahoo.com
Dereck Corwin,Bryana.Goodwin51@hotmail.com
Adriana Mueller I,Jackie_Harvey72@yahoo.com
Earnest Hauck,Sherwood.Lindgren@hotmail.com
Sandrine White,Eryn_Corkery@hotmail.com
Jevon Wilderman,Blanche_Bechtelar50@gmail.com
Brain Roob DDS,Marquis.Yundt@hotmail.com
Helga Price,Margarette98@gmail.com
Haleigh Prosacco,Vicenta_Pollich2@hotmail.com
Ms. Glenna Conroy,Kayleigh.Huels10@hotmail.com
Maurice Erdman,Stuart.Streich37@hotmail.com
Maurice Keebler,Ellis_Adams@yahoo.com
Eddie Jones,Daphnee42@gmail.com
Richmond Fritsch,Esta87@gmail.com
Kole Lang,Brittany18@hotmail.com
Demetrius Brown,Bethel.Morissette78@gmail.com
Filiberto Kuvalis,Macie19@gmail.com
Kristoffer Kiehn,Helmer.Schaefer16@gmail.com
Ludwig Quigley,George98@hotmail.com
Antonetta Pouros,Twila.Schinner78@gmail.com
Ms. Georgette Monahan,Hollis.Smith@hotmail.com
Torrey White,Camron.Dooley@yahoo.com
Maud Blick,Deanna_Balistreri@gmail.com
Mae Green,Elvera.Streich32@yahoo.com
Karli Bauch,Grover_Farrell42@gmail.com
Damien Lind,Kianna77@hotmail.com
Carlee Rath,Amos_Parker@hotmail.com
Mr. Hardy Crona,Corene18@hotmail.com
Jewell Schumm,Kali58@yahoo.com
Mortimer Hahn,Rebekah6@yahoo.com
Orpha Lynch,Deja.Schiller@gmail.com
Angel Bartoletti,Mabelle95@hotmail.com
Mr. Herta Hermiston,Johanna.Hintz@gmail.com
Esther Bernier,Aryanna.Jacobs@yahoo.com
Ola Heidenreich,Harvey.Crona42@gmail.com
Yvonne Collins,Alexie92@hotmail.com
Humberto Klocko,Freeman31@yahoo.com
Antonietta Metz,Barbara51@hotmail.com
Savannah Lynch I,Daryl_Daniel28@hotmail.com
Mrs. Freda Jacobi,Mariam16@gmail.com
Mrs. Vance Hoppe,Jakayla_Weimann@yahoo.com
Alexandre Watsica,Ona.Farrell68@gmail.com
Prudence Schuppe,Dan77@yahoo.com
Toby Wisoky,Serenity.Sipes50@yahoo.com
Benny Hegmann,Chelsey90@yahoo.com
Abdiel Spencer,Callie_Lubowitz@yahoo.com
Deshaun Yost,Carlo.Mitchell57@yahoo.com
Jamil McGlynn Sr.,Niko.Skiles10@gmail.com
Miss Graham Corwin,Alicia_Mohr@gmail.com
Lessie Walter,Pink38@yahoo.com
Mrs. Albin Hudson,Antone26@yahoo.com
Coleman Batz MD,Alford.Conroy@hotmail.com
Emmanuel Beatty,Frederique.Schamberger24@yahoo.com
Jermain Kertzmann,Hilma.Witting@yahoo.com
Kailyn Kshlerin,Eli_Pacocha30@hotmail.com
Rudolph Dickinson,Leola_Yost@yahoo.com
Nicolette Kuphal,Amalia34@yahoo.com
Briana Mills,Ebba_Borer@yahoo.com
Jettie Reynolds,Tess14@gmail.com
Cicero Block,Freeda.Steuber@gmail.com
Luna Steuber PhD,Adrianna84@hotmail.com
Golden MacGyver,Guiseppe.Witting13@gmail.com
Milo Smitham,Halie_Bayer@gmail.com
Mya Klocko,Fay85@yahoo.com
Michele Hayes,Else_Cassin@hotmail.com
Damaris Parker,Adolphus.Jacobi74@hotmail.com
Jacynthe Rohan,Issac.Rau17@hotmail.com
Magnolia Thiel,Ludie.Gutkowski83@gmail.com
Trever Littel,Berneice_Leannon@gmail.com
Hermina Greenfelder DVM,Idell81@hotmail.com
Ena Runolfsson Sr.,Jules.Shanahan34@hotmail.com
Arlo Zboncak,Stephania.Stiedemann61@gmail.com
Yazmin Wuckert,Jazmyne54@gmail.com
Gonzalo Rosenbaum III,Rod53@yahoo.com
Matilda Jerde,Amya_Gutkowski95@gmail.com
Gennaro Dicki,Estel1@hotmail.com
Helmer Cummerata,Adolph25@gmail.com
Juliana Davis,Trenton67@hotmail.com
Miracle Lehner,Warren.Auer34@hotmail.com
Mr. Zoe Hickle,Odell.Kuvalis54@yahoo.com
Blaise Morar,Elouise_Leuschke26@hotmail.com
Eliezer Buckridge,Winfield.Kreiger19@gmail.com
Hilbert Lebsack,Diana62@yahoo.com
Mckenna Fisher,Gabrielle.Koch50@yahoo.com
Antwon King,Agnes.Hagenes@hotmail.com
Jailyn Luettgen,Layla28@yahoo.com
Gregg Lindgren MD,Heaven.Schmeler89@hotmail.com
Penelope Cummerata DDS,Dominic_Ullrich84@yahoo.com
Lelah Schamberger,Patricia_Langosh2@yahoo.com
Hayley Brakus,Levi32@gmail.com
Esther Langosh,Kitty11@yahoo.com
Jenifer Bednar,Kylee.Lowe39@yahoo.com
Jaleel Bashirian,Edd.Wehner69@yahoo.com
Vivianne Schroeder,Isidro_Stracke@hotmail.com
Wilburn Stamm,Susana15@gmail.com
Breana Tillman,Muriel46@gmail.com
Emil Gutmann,Nya90@yahoo.com
Antonio Christiansen,Alba32@hotmail.com
Ms. Wyman Robel,Ray.Brekke@yahoo.com
Cornell Fisher,Cyril.Ferry11@gmail.com
Hazle Brekke,Llewellyn53@gmail.com
Cicero Beahan,Adela.Olson85@gmail.com
Norwood Blanda,Aubree.Larson@yahoo.com
Elena Bechtelar,Stanford26@gmail.com
Rickie Lueilwitz,Tania.Hermiston38@hotmail.com
Brendon Emmerich,Donnie_Bashirian11@hotmail.com
Malinda Mitchell,Alanis_Mayer95@yahoo.com
Marley Blanda,Keeley.Tillman@hotmail.com
Abner Erdman,Cordelia_Bechtelar@hotmail.com
Al Jacobs,Mariano73@hotmail.com
Syble Kovacek,Imelda_Runolfsson71@yahoo.com
Roderick Lebsack,Romaine46@yahoo.com
Mr. Murphy Wolf,Alivia36@yahoo.com
Eunice Hoppe,Amina.Hauck@hotmail.com
Nash Purdy,Johathan44@yahoo.com
Cortez Bartoletti,Cassidy_Rippin53@hotmail.com
Shirley Hegmann,Demetrius5@hotmail.com
Kiel Kertzmann,Harry_Ullrich30@yahoo.com
Neoma Nikolaus,Deondre25@hotmail.com
Hoyt Larson,Kira98@yahoo.com
Cielo Gutmann,Filiberto79@gmail.com
Lauretta O'Keefe,Chesley.Zemlak@hotmail.com
Rita Rippin,Ronaldo_Schroeder@hotmail.com
Rosamond Graham,Easter90@hotmail.com
Miguel Walsh,Isabel73@gmail.com
Paris Dach,Rose.Ruecker@yahoo.com
Malinda Brakus,Clyde.Hammes@yahoo.com
Meghan Osinski,Virginie.Bruen17@yahoo.com
Bell Bode,Veda27@hotmail.com
Audra Kessler,Fritz_Gottlieb@gmail.com
Edyth Trantow,Jerry.Thompson3@gmail.com
Jose Bailey I,Terence_Feest93@hotmail.com
Hugh Runolfsson,Edmond.Watsica@gmail.com
Saige Reichert,Verda_Spencer@hotmail.com
Hellen Erdman,Uriel.Feest@hotmail.com
Albertha Smitham III,Mireille48@gmail.com
Jamil Considine,Samara_Hackett@yahoo.com
Ernestina Gorczany PhD,Ciara.Brown@hotmail.com
Fay Sanford II,Yasmin.Littel@hotmail.com
Agustina Beier,Hillard.Kiehn@gmail.com
Samara Hodkiewicz,Rosario.Schumm40@yahoo.com
Gerry Walter,Marty_Macejkovic49@gmail.com
Casandra Ritchie,Ashlee.Renner6@yahoo.com
Vincenza O'Keefe,Jayden_Kertzmann@yahoo.com
Declan Sauer,Ana.Sipes@yahoo.com
Mrs. Lorine Willms,Reta_Mann20@yahoo.com
Kory Smitham,Rita.Shanahan14@hotmail.com
Watson Feest,Fredrick63@hotmail.com
Ricardo Greenfelder,Hillary60@yahoo.com
Mr. Horacio Auer,Jaylin56@hotmail.com
Micah Purdy,Trace36@gmail.com
Joan Erdman,Agnes.Blanda31@hotmail.com
Tevin Wyman,Beaulah_Lynch91@yahoo.com
Miss Destin O'Keefe,Jaqueline_Denesik54@gmail.com
Koby Gibson Sr.,Alberta.Quigley10@gmail.com
Jordan Lindgren,Rhea.Casper76@gmail.com
Ms. Ardith Auer,Reggie_Schaden33@gmail.com
Jermey Olson,Norval_Fritsch@hotmail.com
Miles Leannon,Daphnee.Aufderhar@gmail.com
Orie Tromp,Stevie.Durgan@gmail.com
Virgil Feeney,Millie_Conroy@hotmail.com
Benedict Casper,Burnice61@hotmail.com
Julianne Torphy,Monserrate7@hotmail.com
Matilde Klein PhD,Jordy87@hotmail.com
Amber Rempel,Dovie.Russel33@gmail.com
Josephine Hayes,Violette_Beier91@yahoo.com
Retha Franecki DVM,Kimberly_Christiansen17@yahoo.com
Monique Bartoletti DDS,Abraham.Fahey@gmail.com
Dell Cummerata,Adrian_Block8@yahoo.com
Zoie Schmeler,Kylee88@yahoo.com
Dayton Carter,Craig_Kuhlman30@gmail.com
Leora Bode,Ernest.Collier7@hotmail.com
Ferne Kautzer,Cordia8@gmail.com
Valentine Olson,Catharine74@hotmail.com
Derek Schamberger,Alvis87@gmail.com
Chelsey Ruecker,Mozell_Langosh59@yahoo.com
Elva Mitchell,Shaylee.Durgan64@yahoo.com
Colt Batz,Sheridan20@gmail.com
Gaylord Hartmann,Angelo92@hotmail.com
Jon Rau MD,Dallin.Oberbrunner40@yahoo.com
Mrs. Nannie Sanford,Jimmy_Klocko13@hotmail.com
Mr. Dashawn Keebler,Marquis_Von@gmail.com
Gaston Borer,Helena_Haley@hotmail.com
Dr. Jacynthe Kerluke,Sophie21@gmail.com
Mackenzie McDermott,Autumn72@yahoo.com
Dean O'Reilly,Austyn.Kohler@yahoo.com
Stanton Reilly,Royce.McGlynn18@gmail.com
Wellington Little DVM,Brody.Grant@yahoo.com
Ettie Jacobs,Sid_Moore@hotmail.com
Marcellus Runte,Virgil.Little5@yahoo.com
Stuart Anderson,Nelle_Gutkowski68@gmail.com
Camilla Gerhold,Elna4@gmail.com
Mrs. Gabrielle Mohr,Oral_Pacocha84@gmail.com
Miss Michele Schmitt,Marielle.Hahn@hotmail.com
Francisco Kerluke,Clara_Shanahan62@hotmail.com
Delilah Pagac,Jewel_Murray80@hotmail.com
Randy Lindgren,Ezra.Hamill53@yahoo.com
Ava Lubowitz,Gustave.Strosin@hotmail.com
Nadia Dicki,Jannie.Casper51@yahoo.com
Vesta Koss,Israel_Runolfsson@gmail.com
Elvera Beahan,Elouise_Goyette57@yahoo.com
Mr. Aiden Dooley,Scottie.Carter49@hotmail.com
Mateo Hills IV,Orland_Corwin@yahoo.com
Doyle Shields,Calista.Schinner38@gmail.com
Nicolas Hickle,Edison.Jast@yahoo.com
Halie Fahey,Albertha.Bogan98@gmail.com
Garrick Tromp,Ofelia.Hermann62@gmail.com
Mckenzie Batz,David_Schuster@hotmail.com
Tamia McLaughlin,Dax_Effertz@yahoo.com
Kathryne Bogan,Odell_Smitham@yahoo.com
Cydney Krajcik,Marcella29@hotmail.com
Damon Fahey,Joanie.Boyer@hotmail.com
Caesar Goldner III,Shyanne.Schulist44@hotmail.com
Ms. Juanita Brakus,Rosalyn46@gmail.com
Kiera Schmeler,Magdalena86@gmail.com
Larue Reilly,Jamir87@yahoo.com
Karolann Bradtke,Kenneth_Pouros@hotmail.com
Juanita Kautzer MD,Asha83@gmail.com
Dr. Reinhold Mante,Boyd.Fadel@yahoo.com
Alessandra Nicolas,Ally62@gmail.com
Emery Schiller,Fabiola.Toy@yahoo.com
Celestino Rempel,Bert.Rath68@yahoo.com
Dewayne Rice,Kameron_Strosin@hotmail.com
Eloy Gulgowski,Jaylin_Rowe@hotmail.com
Mrs. Victor Frami,Veda.Cummerata77@yahoo.com
Cameron DuBuque,Adele51@hotmail.com
Jarrett Cartwright PhD,Evalyn4@yahoo.com
Alene McKenzie,Telly_Ratke13@gmail.com
Cassandre Parker,Ebba.Hermiston89@yahoo.com
Ms. Buddy Schroeder,Gregg87@hotmail.com
Eulalia Heathcote,Floy_Hills@hotmail.com
Eusebio Cronin,Rod40@hotmail.com
Isabella Kuhn,Rogers.Kshlerin@hotmail.com
Lydia Boyer,Henry_Mills65@gmail.com
Myrtle Ondricka,Tara2@gmail.com
Ian Weissnat,Adele_Schamberger@hotmail.com
Arlo Price,Jaren33@hotmail.com
Annabell Cronin,Joy.Hirthe@yahoo.com
Tatyana Yundt,Sanford23@gmail.com
Golden Eichmann,Casey_Lueilwitz@hotmail.com
Joana Medhurst,Deon44@hotmail.com
Rosina Lebsack,Isabel_Farrell@gmail.com
Vidal Jaskolski,Durward3@gmail.com
Dino Bashirian,Luisa.Waelchi1@gmail.com
Mac Ullrich,Arnold.Howell66@gmail.com
Miss Bette McDermott,Delfina_Hauck23@gmail.com
Furman Huels DVM,Neha74@hotmail.com
Emiliano Kirlin,Anya.Walker@gmail.com
Abbey Watsica,Rey72@hotmail.com
Nayeli Wolf,Darrin68@yahoo.com
Earnestine Braun,Tierra_Bernhard@hotmail.com
Felicia Herzog,Vivienne27@hotmail.com
Howard Leannon,Josefina.Auer@yahoo.com
Kiana Hand,Einar36@yahoo.com
Carmine Kessler,Angelica44@yahoo.com
Billy Stokes,Jacquelyn.Hoppe@gmail.com
Price Glover,Rosalinda63@gmail.com
John Grant,Melisa_Fisher@yahoo.com
Camilla Stiedemann,Cicero57@hotmail.com
Imelda Bogan,Jewell_Bednar8@hotmail.com
Lupe Bernhard,Jada19@hotmail.com
Donavon Becker DVM,Herta_Kulas@hotmail.com
Eliezer Schneider,Keshawn_Russel@gmail.com
Reanna Berge,Kenya6@hotmail.com
Marty Koss,Sheila_Ruecker@yahoo.com
Angelica Gaylord,Adan.Collins@hotmail.com
Thora Kertzmann,Cordell26@hotmail.com
Samson Ferry I,Finn_Zieme26@gmail.com
Jarrell Kerluke,Marcella.Howe78@hotmail.com
Dr. Giles Braun,Opal.Predovic12@hotmail.com
Edmond Mraz,Mervin66@yahoo.com
Miss Candice Roberts,Major_Vandervort38@gmail.com
Allie Effertz,Akeem47@gmail.com
Roosevelt Lind,Magali.Adams@hotmail.com
Alia Trantow,Candido.Pouros59@gmail.com
Fay Rempel,Jeramie_Legros@hotmail.com
Alvera Kerluke,Salma.Robel@hotmail.com
Payton Wyman,Monty.Aufderhar72@gmail.com
Keira Bergstrom,Ruby.Cartwright56@gmail.com
Maxine Emmerich,Alexandro.King14@hotmail.com
Marjolaine Lindgren PhD,Kadin_Kertzmann@gmail.com
Caesar Moore I,Briana0@gmail.com
Natalie Dach PhD,Xander_Osinski26@hotmail.com
Eleazar Parisian,Stefanie.Zemlak93@gmail.com
Vinnie Labadie,Laverna.Miller33@hotmail.com
Ms. Gonzalo Nikolaus,Kareem_Schneider@gmail.com
Miss Arden Veum,Aubrey_Kihn@gmail.com
Alison Hane,Jaunita.Koepp89@gmail.com
Mia Johns,Alfonso.Ledner@hotmail.com
Ms. Saige Muller,Carmelo6@hotmail.com
Sibyl Jones,Dolly_Hammes10@hotmail.com
Steve Metz,Jayne.Gutkowski83@yahoo.com
Edmund Schowalter,Ed.Kutch@yahoo.com
Cyrus Hammes,Ibrahim35@hotmail.com
Cale Keebler,Kiara_Abernathy86@gmail.com
Santos Cummings,Toy69@hotmail.com
Dora Nolan,Chauncey_Klein71@yahoo.com
Clinton Sipes,Gilberto_Boyer96@yahoo.com
Spencer Johns,Cierra.Harvey21@yahoo.com
Brandy Windler I,Alanna96@gmail.com
Junior Zulauf II,Ora.Gleason@hotmail.com
Skylar Lind,Madie69@yahoo.com
Elody Treutel,Maybelle.Hessel60@yahoo.com
Monroe Feeney,Missouri.Lind98@gmail.com
Arlene Cole,Breanne.Jacobi86@hotmail.com
Ofelia Kessler,Mason32@hotmail.com
Miss Isadore Macejkovic,Floy.Morissette18@gmail.com
Mr. Noemy Considine,Abigale.Willms74@gmail.com
Madisyn Cremin,Eula_Kshlerin67@hotmail.com
Meggie Becker,Michael_Gleichner18@hotmail.com
Rosalee Aufderhar I,Don_Funk68@gmail.com
Ms. Lew Turner,Zetta.Koss95@gmail.com
Dr. Kaylah Cremin,Sister.MacGyver0@yahoo.com
Brandt Wunsch,Hortense_Gerhold75@hotmail.com
Matteo Ankunding,Braden78@gmail.com
Beau Rodriguez,Cecil.Harber55@hotmail.com
Shemar Kerluke,Maria_Mohr5@yahoo.com
Terrill Berge,Vivian_Upton@yahoo.com
Ms. Jude Bechtelar,Aron.Larson91@hotmail.com
Dylan Champlin,Dewitt.Kuhlman@hotmail.com
Armand Schultz,Retha_Rempel@gmail.com
Weldon Dach,Molly.Bauch@gmail.com
Mikel Corwin,Dusty42@hotmail.com
Candida Stark,Bernardo91@yahoo.com
Imelda Grady,Harmon.Schimmel65@yahoo.com
Emelie Fisher,Luciano_VonRueden@hotmail.com
Cecile Keebler,Van.Mayer@hotmail.com
Miss Taurean Langosh,Vidal.Reichert13@gmail.com
Erling Klein,Brandi.Thiel@yahoo.com
Wiley Lockman,Shania_Ondricka@yahoo.com
Dr. Marisol Lesch,Jarred_Gusikowski@hotmail.com
Darion Boehm,Edna_Abbott75@hotmail.com
Jaylin Jenkins,Grace94@hotmail.com
Lexi Sauer,Eveline.Corkery@gmail.com
Tyree Von,Lorena_Satterfield@yahoo.com
Ronny Schmidt,Lester71@gmail.com
Dayton Feeney,Aubree.Von@hotmail.com
Ayla Hamill,Chaya.Bauch@gmail.com
Kaylie Senger,Israel_Ernser@gmail.com
Ramona Miller,Alexys_Nicolas25@yahoo.com
Rafaela Larson,Austin71@gmail.com
Lewis Gerlach,Emery_Ebert42@gmail.com
Leann Gerhold,Gilda.Prosacco@yahoo.com
Dr. Meredith Lang,Yolanda73@yahoo.com
Cristobal VonRueden,Glenna42@hotmail.com
Olaf Moen,Mertie85@hotmail.com
Cordell Gusikowski PhD,Carolanne41@gmail.com
Sheila Adams,Marilie90@yahoo.com
Evalyn Dibbert,Cheyanne.Gorczany23@yahoo.com
Diana Treutel,Nova_Gulgowski67@hotmail.com
Calista Heathcote,Max.Turner36@gmail.com
Toy Mertz,Ward.Spencer70@gmail.com
Cathryn Stoltenberg,Pierce.Kohler52@hotmail.com
Adalberto Turcotte,Heber_Stoltenberg12@hotmail.com
Marilyne Heidenreich,Cristobal49@yahoo.com
Shyanne Cummings,Jacky_Legros@hotmail.com
Dewitt Dicki,Cameron96@yahoo.com
Issac Gorczany,Jett.Trantow@hotmail.com
Bennett Rutherford,Rickie_Hoppe@gmail.com
Taya Padberg,Jordyn12@yahoo.com
Angeline Kohler,Roel_Sipes@gmail.com
Don Hahn,Myrna_Mitchell10@hotmail.com
Fleta Murray,Jamie54@yahoo.com
Oren Schimmel,Rafael.Kiehn61@yahoo.com
Keaton Larkin,Emmalee66@hotmail.com
Gillian Hahn,Ray_Parisian84@yahoo.com
Jacinto Oberbrunner,Fern65@gmail.com
Lowell Ullrich,Nedra.Gleason@yahoo.com
Ms. Maxime Okuneva,Xavier.Emard@gmail.com
Mr. Annalise Wolff,Ernestina_Christiansen23@hotmail.com
Sonny Hahn,Claudia41@yahoo.com
Kristopher Rohan,Nels0@gmail.com
Maudie Jacobs,Dangelo_Schroeder60@gmail.com
Ezequiel Hayes,Holly_Smitham@yahoo.com
Genevieve Bogisich,Barrett_Rau@hotmail.com
Kaleigh Kassulke,Mavis83@hotmail.com
Marcelle Mertz,Consuelo_Gaylord@gmail.com
Trace Ledner,Summer_Monahan40@gmail.com
Jerrod D'Amore,Julianne.Corwin22@hotmail.com
Maymie McDermott,Ward51@gmail.com
Aurelio Oberbrunner,Elody.Stroman@hotmail.com
Richmond Kessler,Nia_Grady30@gmail.com
Vicky VonRueden,Dallas.Lind96@hotmail.com
Clemens McClure DVM,Rosemarie_Kozey@yahoo.com
Jerel Spinka,Hiram_Deckow39@yahoo.com
Lorine Will,Jessika72@gmail.com
